role,location,salary
HR,"New York City, NY",95824
HR,"Atlanta, GA",59787
CSR,"Los Angeles, CA",75722
Security,"Los Angeles, CA",47818
Analyst,"Los Angeles, CA",57529
Developer,"Los Angeles, CA",89000
CSR,"Los Angeles, CA",10564
Finance,"Boston, MA",59020
Finance,"Los Angeles, CA",53063
Developer,"Los Angeles, CA",75076
Finance,"Atlanta, GA",43945
CSR,"Atlanta, GA",11409
Developer,"Los Angeles, CA",80467
Analyst,"Atlanta, GA",38150
Analyst,"Los Angeles, CA",82939
HR,"New York City, NY",68151
HR,"New York City, NY",47566
Security,"Atlanta, GA",98964
HR,"Boston, MA",16417
Security,"Boston, MA",62643
CSR,"New York City, NY",89121
Analyst,"Los Angeles, CA",89239
Analyst,"New York City, NY",30212
Security,"Boston, MA",72928
HR,"Atlanta, GA",28162
Finance,"New York City, NY",29639
Analyst,"New York City, NY",56932
Finance,"New York City, NY",30669
HR,"Los Angeles, CA",92764
Finance,"Los Angeles, CA",89088
Manager,"Atlanta, GA",62655
CSR,"Atlanta, GA",22741
CSR,"Los Angeles, CA",26935
Manager,"Los Angeles, CA",62873
Developer,"Los Angeles, CA",98334
Developer,"Boston, MA",36587
Manager,"Los Angeles, CA",61371
HR,"New York City, NY",73360
Analyst,"Atlanta, GA",76168
HR,"Atlanta, GA",13556
HR,"Boston, MA",68169
Security,"New York City, NY",21696
Analyst,"Boston, MA",55075
CSR,"Boston, MA",14441
Finance,"New York City, NY",90238
Manager,"Hartford, CT",15574
CSR,"Boston, MA",74547
HR,"Los Angeles, CA",16923
Security,"New York City, NY",49020
Analyst,"Hartford, CT",66071
Manager,"Boston, MA",48468
Developer,"Los Angeles, CA",50709
Finance,"Atlanta, GA",55917
Finance,"Boston, MA",72779
Security,"Atlanta, GA",70519
CSR,"Boston, MA",98612
CSR,"Atlanta, GA",76331
Manager,"Boston, MA",90083
HR,"Los Angeles, CA",45322
Finance,"Boston, MA",50177
HR,"Boston, MA",20524
Developer,"New York City, NY",88162
CSR,"Hartford, CT",80665
Security,"Atlanta, GA",36198
Manager,"New York City, NY",57020
Developer,"Atlanta, GA",64525
Developer,"Atlanta, GA",77921
CSR,"Atlanta, GA",96643
Developer,"Boston, MA",94590
Manager,"Boston, MA",28152
CSR,"New York City, NY",63984
Manager,"New York City, NY",94678
Finance,"Boston, MA",45063
Manager,"Atlanta, GA",59091
Manager,"Boston, MA",94201
Analyst,"Atlanta, GA",78181
Finance,"New York City, NY",77315
Developer,"New York City, NY",63325
Security,"Boston, MA",59148
Security,"Atlanta, GA",85259
Finance,"Hartford, CT",77589
Finance,"Atlanta, GA",85602
Developer,"Hartford, CT",58309
CSR,"Hartford, CT",41872
Analyst,"Los Angeles, CA",57495
CSR,"Los Angeles, CA",72768
Finance,"New York City, NY",61488
Analyst,"New York City, NY",96156
Developer,"Atlanta, GA",42938
CSR,"Hartford, CT",36740
Finance,"Hartford, CT",50805
Security,"Boston, MA",92675
Finance,"Atlanta, GA",71277
CSR,"Boston, MA",61446
CSR,"Hartford, CT",46870
CSR,"New York City, NY",28384
CSR,"Boston, MA",82767
Security,"Atlanta, GA",31757
CSR,"Hartford, CT",63510
Analyst,"Atlanta, GA",50874
Analyst,"Atlanta, GA",10109
CSR,"Atlanta, GA",21983
HR,"Atlanta, GA",32766
Analyst,"New York City, NY",45331
CSR,"New York City, NY",32342
Security,"Los Angeles, CA",55415
HR,"Boston, MA",26444
Security,"Hartford, CT",90304
Security,"Hartford, CT",76254
Security,"Hartford, CT",81580
HR,"Atlanta, GA",26845
Analyst,"New York City, NY",73121
CSR,"New York City, NY",59022
Manager,"Los Angeles, CA",19939
Manager,"Hartford, CT",98252
Manager,"Boston, MA",17077
Security,"Atlanta, GA",51867
Developer,"Los Angeles, CA",75502
Analyst,"Boston, MA",63184
Manager,"Hartford, CT",81296
HR,"Boston, MA",92752
Finance,"Los Angeles, CA",36123
CSR,"Los Angeles, CA",31616
Developer,"Hartford, CT",59759
CSR,"New York City, NY",67141
Finance,"Los Angeles, CA",86369
Manager,"Boston, MA",71636
CSR,"Boston, MA",68674
HR,"New York City, NY",86646
HR,"New York City, NY",89065
CSR,"Los Angeles, CA",74349
Developer,"Boston, MA",80013
CSR,"Atlanta, GA",26223
Finance,"Los Angeles, CA",35474
Finance,"Los Angeles, CA",31214
CSR,"New York City, NY",93109
Analyst,"Atlanta, GA",38269
CSR,"Atlanta, GA",86967
Manager,"New York City, NY",82170
Analyst,"Los Angeles, CA",36748
HR,"New York City, NY",46571
Security,"Atlanta, GA",14731
HR,"New York City, NY",96218
CSR,"Boston, MA",48839
Security,"Atlanta, GA",92798
CSR,"Boston, MA",74284
Analyst,"Boston, MA",36250
Security,"Los Angeles, CA",60704
Manager,"Boston, MA",28780
CSR,"Atlanta, GA",40551
Finance,"Hartford, CT",50760
CSR,"New York City, NY",50308
Analyst,"Boston, MA",61041
Analyst,"Atlanta, GA",12905
Security,"Hartford, CT",40494
CSR,"Los Angeles, CA",19144
Finance,"Boston, MA",25485
CSR,"Atlanta, GA",15134
Manager,"New York City, NY",79156
Analyst,"Los Angeles, CA",94562
Manager,"Boston, MA",64752
HR,"New York City, NY",31021
Developer,"Atlanta, GA",76775
Manager,"Boston, MA",95850
Manager,"Hartford, CT",29615
Finance,"Hartford, CT",86924
Finance,"Atlanta, GA",78737
Finance,"Los Angeles, CA",37198
HR,"Boston, MA",32794
HR,"Los Angeles, CA",43272
Manager,"Hartford, CT",16595
Manager,"Hartford, CT",16998
Manager,"New York City, NY",43187
CSR,"Atlanta, GA",32405
Analyst,"New York City, NY",69289
HR,"New York City, NY",44113
Manager,"Atlanta, GA",37265
Finance,"Boston, MA",45187
Security,"New York City, NY",83283
HR,"Boston, MA",21161
Analyst,"Boston, MA",68925
Analyst,"New York City, NY",86521
Manager,"Los Angeles, CA",80762
HR,"Boston, MA",46071
Developer,"Atlanta, GA",64850
Manager,"Boston, MA",74428
Analyst,"Los Angeles, CA",52060
Developer,"Los Angeles, CA",12270
Security,"Atlanta, GA",65842
Finance,"New York City, NY",71410
CSR,"Hartford, CT",66415
CSR,"Boston, MA",20978
Security,"Atlanta, GA",71134
HR,"New York City, NY",49121
Manager,"Boston, MA",38875
Finance,"Atlanta, GA",27899
Manager,"Los Angeles, CA",88895
CSR,"New York City, NY",14444
Finance,"New York City, NY",52045
Developer,"Los Angeles, CA",91258
Analyst,"Hartford, CT",52607
Security,"Hartford, CT",85514
Finance,"Atlanta, GA",40922
HR,"Atlanta, GA",61971
Manager,"New York City, NY",93124
Developer,"New York City, NY",95680
Finance,"Los Angeles, CA",12964
Developer,"Atlanta, GA",51893
Manager,"Hartford, CT",30442
Manager,"Atlanta, GA",72337
HR,"Boston, MA",93170
Analyst,"Hartford, CT",29486
Finance,"Hartford, CT",82328
Developer,"Atlanta, GA",23169
Developer,"Hartford, CT",31612
Finance,"Boston, MA",23370
Finance,"Hartford, CT",42042
HR,"Atlanta, GA",17833
Finance,"Hartford, CT",55660
HR,"Atlanta, GA",94059
Manager,"Los Angeles, CA",58894
Manager,"New York City, NY",30956
Analyst,"New York City, NY",36940
Developer,"Los Angeles, CA",93534
HR,"Los Angeles, CA",25693
Developer,"New York City, NY",15138
CSR,"Hartford, CT",30157
Security,"Hartford, CT",87326
Finance,"Atlanta, GA",84868
Finance,"Los Angeles, CA",25939
Developer,"Los Angeles, CA",76869
Manager,"Los Angeles, CA",17216
Security,"Atlanta, GA",16982
Security,"Los Angeles, CA",98488
Security,"Atlanta, GA",51658
Analyst,"Atlanta, GA",96468
Manager,"Hartford, CT",99086
Finance,"New York City, NY",59850
Finance,"Hartford, CT",48110
Developer,"Hartford, CT",66338
Manager,"Boston, MA",17281
HR,"Boston, MA",16199
Analyst,"Hartford, CT",44351
Finance,"New York City, NY",32253
Finance,"Atlanta, GA",46756
CSR,"Atlanta, GA",15646
Security,"Atlanta, GA",41718
Developer,"Boston, MA",21339
Developer,"Boston, MA",49486
HR,"Boston, MA",17282
Manager,"Boston, MA",64497
Finance,"Los Angeles, CA",29276
Finance,"Hartford, CT",51856
Security,"Hartford, CT",42547
Analyst,"Boston, MA",60686
Security,"New York City, NY",22663
Security,"Boston, MA",81163
Manager,"New York City, NY",54934
Manager,"Boston, MA",96673
Developer,"New York City, NY",92738
Analyst,"Los Angeles, CA",48645
Security,"New York City, NY",88294
CSR,"Atlanta, GA",98213
Manager,"New York City, NY",85303
CSR,"Hartford, CT",59613
HR,"Atlanta, GA",58645
CSR,"Hartford, CT",68383
Manager,"Hartford, CT",58953
Manager,"Boston, MA",28713
HR,"New York City, NY",30717
CSR,"Atlanta, GA",29700
Manager,"Los Angeles, CA",99374
HR,"Atlanta, GA",56353
CSR,"New York City, NY",48492
Manager,"Atlanta, GA",86430
Manager,"Hartford, CT",12046
Finance,"Boston, MA",96406
HR,"Hartford, CT",11395
CSR,"Atlanta, GA",76800
Manager,"Boston, MA",75780
Security,"Los Angeles, CA",55807
Security,"Hartford, CT",47652
Security,"New York City, NY",86440
CSR,"Atlanta, GA",40234
Manager,"Atlanta, GA",40119
CSR,"Boston, MA",95603
CSR,"New York City, NY",57940
CSR,"Los Angeles, CA",48574
CSR,"Boston, MA",33276
Security,"Hartford, CT",56429
Finance,"Atlanta, GA",49558
HR,"New York City, NY",71396
Developer,"Boston, MA",94518
Manager,"Boston, MA",78417
CSR,"Los Angeles, CA",76148
Manager,"Atlanta, GA",13080
HR,"Los Angeles, CA",50678
Manager,"Boston, MA",26483
CSR,"Los Angeles, CA",30276
Developer,"Atlanta, GA",72332
Manager,"Los Angeles, CA",27152
Analyst,"New York City, NY",45297
Finance,"New York City, NY",82952
HR,"New York City, NY",38185
Security,"New York City, NY",11174
Finance,"Boston, MA",29777
Security,"Hartford, CT",29129
Manager,"Hartford, CT",96409
Manager,"New York City, NY",46553
Developer,"Atlanta, GA",15320
Analyst,"Hartford, CT",53106
CSR,"Boston, MA",77141
Security,"Atlanta, GA",65601
Manager,"Los Angeles, CA",35854
CSR,"Hartford, CT",93221
CSR,"New York City, NY",36630
Analyst,"New York City, NY",95992
Developer,"Los Angeles, CA",64145
Manager,"Boston, MA",31090
Finance,"New York City, NY",85535
CSR,"Atlanta, GA",59380
Developer,"Atlanta, GA",56437
HR,"Los Angeles, CA",87478
CSR,"Atlanta, GA",44107
CSR,"New York City, NY",79371
Developer,"Los Angeles, CA",63884
Security,"Hartford, CT",76142
Developer,"Atlanta, GA",24933
CSR,"Boston, MA",46794
Developer,"New York City, NY",87581
HR,"Hartford, CT",39998
Developer,"New York City, NY",43433
HR,"New York City, NY",93107
Finance,"Hartford, CT",30001
Security,"New York City, NY",50777
CSR,"Atlanta, GA",67453
Developer,"Hartford, CT",22311
Security,"Atlanta, GA",96734
Analyst,"Atlanta, GA",80162
Manager,"New York City, NY",34338
Analyst,"Atlanta, GA",47783
CSR,"Los Angeles, CA",87248
Analyst,"Los Angeles, CA",82250
Manager,"New York City, NY",48642
CSR,"Boston, MA",21227
CSR,"Atlanta, GA",24256
Developer,"Hartford, CT",14121
HR,"Atlanta, GA",31082
Developer,"Los Angeles, CA",23368
HR,"Atlanta, GA",58464
Analyst,"New York City, NY",93622
Manager,"Los Angeles, CA",81492
HR,"New York City, NY",37531
Security,"New York City, NY",29806
Analyst,"Atlanta, GA",80689
Analyst,"Hartford, CT",16081
HR,"Atlanta, GA",66428
Manager,"Los Angeles, CA",47017
Developer,"Los Angeles, CA",73488
Security,"Los Angeles, CA",71241
Developer,"Atlanta, GA",26079
Analyst,"New York City, NY",22900
CSR,"Hartford, CT",55112
Finance,"Atlanta, GA",71174
Developer,"Atlanta, GA",61113
Manager,"Hartford, CT",43585
Security,"Boston, MA",79550
Analyst,"Hartford, CT",98910
Manager,"Boston, MA",63326
CSR,"Atlanta, GA",24651
Developer,"Hartford, CT",90475
CSR,"Boston, MA",83218
Manager,"Atlanta, GA",86758
Analyst,"Los Angeles, CA",74400
Security,"Los Angeles, CA",85361
Finance,"Los Angeles, CA",83861
Developer,"Boston, MA",30981
CSR,"New York City, NY",38153
Manager,"Boston, MA",48066
Finance,"Boston, MA",70085
Security,"Boston, MA",10568
HR,"Los Angeles, CA",16081
Manager,"Los Angeles, CA",50734
HR,"New York City, NY",47228
CSR,"Atlanta, GA",28373
Manager,"Atlanta, GA",80706
Developer,"Atlanta, GA",77991
Security,"Los Angeles, CA",28570
Finance,"Atlanta, GA",64259
Analyst,"Hartford, CT",99474
Manager,"Los Angeles, CA",75908
Analyst,"Hartford, CT",55769
Security,"Hartford, CT",47736
Manager,"Hartford, CT",70828
Security,"Hartford, CT",70691
Developer,"Los Angeles, CA",99263
Manager,"Atlanta, GA",44958
Developer,"Boston, MA",46205
Developer,"Los Angeles, CA",71891
Analyst,"Atlanta, GA",60893
Analyst,"Hartford, CT",93471
Security,"Boston, MA",76661
Security,"Boston, MA",17729
CSR,"Hartford, CT",60132
Developer,"Los Angeles, CA",82389
Analyst,"Boston, MA",87091
CSR,"Boston, MA",33412
Developer,"Boston, MA",67152
CSR,"Boston, MA",28848
CSR,"New York City, NY",78274
Finance,"Los Angeles, CA",85549
Security,"Hartford, CT",46230
HR,"Atlanta, GA",51826
Finance,"Hartford, CT",89432
CSR,"Los Angeles, CA",16983
CSR,"New York City, NY",74745
CSR,"Hartford, CT",44333
Analyst,"New York City, NY",47230
Security,"New York City, NY",34755
Finance,"Los Angeles, CA",89964
Developer,"New York City, NY",84181
Security,"Los Angeles, CA",81386
Developer,"Los Angeles, CA",41866
Security,"Hartford, CT",84158
Security,"New York City, NY",57352
Finance,"Boston, MA",71181
Developer,"Atlanta, GA",79539
HR,"Hartford, CT",24189
Developer,"Atlanta, GA",80687
Finance,"New York City, NY",33833
Security,"New York City, NY",60708
Developer,"Boston, MA",20086
Developer,"Atlanta, GA",20718
Finance,"Boston, MA",74140
HR,"Hartford, CT",93671
Manager,"Atlanta, GA",28876
Finance,"Atlanta, GA",87593
Security,"Hartford, CT",72135
Analyst,"Atlanta, GA",97332
HR,"New York City, NY",79624
HR,"Atlanta, GA",87418
Developer,"New York City, NY",32669
Finance,"Atlanta, GA",46352
Analyst,"Atlanta, GA",69164
Manager,"Boston, MA",95888
Finance,"Los Angeles, CA",36814
Security,"Boston, MA",12124
HR,"Boston, MA",60623
HR,"Los Angeles, CA",61388
Security,"Atlanta, GA",72543
Security,"Hartford, CT",39619
CSR,"Hartford, CT",37731
Analyst,"Atlanta, GA",19199
Security,"Atlanta, GA",99072
Manager,"Atlanta, GA",37136
Security,"Atlanta, GA",46400
Manager,"Atlanta, GA",43951
Manager,"Boston, MA",73801
Finance,"Atlanta, GA",69183
Analyst,"Boston, MA",38268
Manager,"Boston, MA",67829
Developer,"New York City, NY",32774
Analyst,"Boston, MA",69254
Security,"Los Angeles, CA",96759
Manager,"New York City, NY",50867
Security,"Atlanta, GA",36466
Manager,"Atlanta, GA",50321
Security,"Hartford, CT",94282
CSR,"New York City, NY",11356
Developer,"Boston, MA",49539
Finance,"Atlanta, GA",39975
CSR,"Boston, MA",79985
Analyst,"Boston, MA",68178
Developer,"Hartford, CT",34282
Finance,"Boston, MA",14015
Security,"Boston, MA",68289
CSR,"New York City, NY",71604
CSR,"Los Angeles, CA",48056
Security,"New York City, NY",10601
Manager,"Hartford, CT",27107
CSR,"New York City, NY",52782
Security,"Hartford, CT",79087
Analyst,"Hartford, CT",73675
Security,"New York City, NY",10902
Finance,"New York City, NY",94798
HR,"Boston, MA",34398
CSR,"Hartford, CT",82071
Manager,"New York City, NY",57291
Security,"New York City, NY",91997
Manager,"New York City, NY",91453
Developer,"Boston, MA",68142
Developer,"New York City, NY",74038
Security,"Boston, MA",55235
Manager,"New York City, NY",15818
Manager,"Los Angeles, CA",47107
Manager,"Los Angeles, CA",44294
Developer,"Boston, MA",18546
HR,"New York City, NY",44865
Developer,"Boston, MA",42774
Security,"New York City, NY",64286
Developer,"New York City, NY",66396
Manager,"New York City, NY",66678
Developer,"Los Angeles, CA",48241
HR,"New York City, NY",46431
CSR,"Hartford, CT",18642
Analyst,"Hartford, CT",80630
Analyst,"Atlanta, GA",84074
HR,"Los Angeles, CA",89086
HR,"Hartford, CT",26847
Security,"Atlanta, GA",93433
Developer,"Los Angeles, CA",50123
CSR,"Hartford, CT",21040
Manager,"Los Angeles, CA",90698
Finance,"Boston, MA",84619
Finance,"Atlanta, GA",55425
Finance,"Los Angeles, CA",51711
Security,"Boston, MA",67117
Developer,"Atlanta, GA",49475
Finance,"Hartford, CT",60537
Finance,"Hartford, CT",60545
Finance,"Hartford, CT",21274
Manager,"Atlanta, GA",96816
CSR,"Los Angeles, CA",17868
Developer,"Atlanta, GA",80269
Finance,"Los Angeles, CA",34995
Manager,"New York City, NY",90297
HR,"Boston, MA",75166
CSR,"Los Angeles, CA",23057
Manager,"New York City, NY",17558
CSR,"New York City, NY",36675
Manager,"Atlanta, GA",37640
Finance,"Atlanta, GA",13699
Manager,"Los Angeles, CA",57354
Security,"Boston, MA",18060
Developer,"Los Angeles, CA",10578
CSR,"Atlanta, GA",85815
HR,"New York City, NY",65950
Developer,"Hartford, CT",67546
HR,"New York City, NY",51475
HR,"Hartford, CT",48662
Developer,"Boston, MA",96724
Finance,"Los Angeles, CA",98465
Security,"Atlanta, GA",32939
CSR,"Boston, MA",78512
HR,"New York City, NY",11029
Security,"Atlanta, GA",99968
CSR,"Hartford, CT",82366
HR,"New York City, NY",29434
Manager,"New York City, NY",62574
Security,"Los Angeles, CA",51142
HR,"Los Angeles, CA",33777
Finance,"Hartford, CT",35440
Developer,"Atlanta, GA",69772
Security,"Hartford, CT",28984
Analyst,"Atlanta, GA",90225
Manager,"Los Angeles, CA",33091
CSR,"Los Angeles, CA",37453
Analyst,"Los Angeles, CA",98514
Developer,"Boston, MA",86547
Finance,"New York City, NY",35772
Analyst,"Boston, MA",44565
Finance,"Atlanta, GA",46425
Manager,"Hartford, CT",20172
Finance,"New York City, NY",29564
Finance,"New York City, NY",29902
CSR,"New York City, NY",52190
Analyst,"Hartford, CT",19656
Manager,"Boston, MA",42186
Finance,"New York City, NY",11735
Analyst,"Hartford, CT",91794
CSR,"Hartford, CT",63894
Security,"New York City, NY",29364
Security,"Atlanta, GA",53170
Analyst,"New York City, NY",82805
Developer,"Hartford, CT",91946
Manager,"Boston, MA",60776
Analyst,"Atlanta, GA",67906
Finance,"Hartford, CT",23257
Finance,"New York City, NY",93702
CSR,"Boston, MA",88882
Analyst,"Los Angeles, CA",95858
Manager,"Hartford, CT",13917
HR,"New York City, NY",97691
Manager,"Los Angeles, CA",38785
Manager,"Hartford, CT",14010
Analyst,"New York City, NY",95091
Security,"Boston, MA",52819
Developer,"Hartford, CT",22306
CSR,"Boston, MA",43050
Analyst,"New York City, NY",78217
Security,"Boston, MA",79106
Finance,"Boston, MA",67195
Security,"New York City, NY",61752
Finance,"Los Angeles, CA",18779
Analyst,"Los Angeles, CA",85392
HR,"Hartford, CT",53287
CSR,"New York City, NY",89000
Analyst,"New York City, NY",67774
Analyst,"Hartford, CT",19704
Developer,"Hartford, CT",78417
Analyst,"Los Angeles, CA",97803
Manager,"Boston, MA",53245
Manager,"Los Angeles, CA",87867
Developer,"Hartford, CT",58576
Manager,"Boston, MA",86525
Security,"Los Angeles, CA",98117
Developer,"New York City, NY",41380
Analyst,"Boston, MA",51026
Finance,"Boston, MA",80196
Manager,"Los Angeles, CA",65907
Manager,"Los Angeles, CA",87024
Analyst,"New York City, NY",56360
CSR,"Hartford, CT",76463
Security,"New York City, NY",24572
Finance,"Atlanta, GA",26407
Manager,"New York City, NY",93622
Analyst,"New York City, NY",96327
Manager,"New York City, NY",79269
Security,"New York City, NY",78841
HR,"Hartford, CT",55470
Finance,"Los Angeles, CA",39363
Analyst,"Los Angeles, CA",74546
HR,"Los Angeles, CA",33143
Developer,"Boston, MA",34783
Developer,"Atlanta, GA",12615
Security,"Los Angeles, CA",14163
Finance,"Atlanta, GA",17293
HR,"Atlanta, GA",40129
Manager,"New York City, NY",87842
Manager,"Los Angeles, CA",86822
Security,"Hartford, CT",81411
Developer,"Los Angeles, CA",32760
Developer,"Atlanta, GA",96442
CSR,"Boston, MA",66870
Manager,"Boston, MA",82416
HR,"Los Angeles, CA",40586
HR,"Hartford, CT",61550
Developer,"Los Angeles, CA",79738
HR,"Hartford, CT",45394
Security,"Hartford, CT",58547
Finance,"Hartford, CT",11799
Finance,"Los Angeles, CA",43158
Developer,"Los Angeles, CA",99466
Analyst,"Hartford, CT",39402
Finance,"Atlanta, GA",12131
Analyst,"New York City, NY",16012
Analyst,"Atlanta, GA",30322
Manager,"Los Angeles, CA",22864
Analyst,"New York City, NY",50532
Security,"Hartford, CT",27180
HR,"Los Angeles, CA",46296
Developer,"Atlanta, GA",55045
Developer,"Boston, MA",40617
CSR,"Los Angeles, CA",47499
Manager,"Los Angeles, CA",44439
Security,"Boston, MA",69187
HR,"Hartford, CT",45867
HR,"Hartford, CT",68884
HR,"Los Angeles, CA",52185
CSR,"Los Angeles, CA",90698
HR,"Atlanta, GA",73458
Finance,"Hartford, CT",33115
CSR,"Los Angeles, CA",54104
Analyst,"Hartford, CT",13879
Finance,"Atlanta, GA",39842
Manager,"Los Angeles, CA",57608
Manager,"Atlanta, GA",76861
Finance,"Boston, MA",38567
CSR,"Hartford, CT",19715
CSR,"Los Angeles, CA",39987
Security,"Los Angeles, CA",68408
Manager,"Boston, MA",77346
Finance,"New York City, NY",69242
Developer,"Boston, MA",14608
Finance,"Boston, MA",61894
Finance,"Boston, MA",73538
Analyst,"Atlanta, GA",97181
Security,"Boston, MA",12468
Security,"Hartford, CT",69931
HR,"Atlanta, GA",58372
Manager,"Los Angeles, CA",94375
Analyst,"Hartford, CT",59139
CSR,"Hartford, CT",42675
Manager,"Boston, MA",75335
Manager,"Los Angeles, CA",77764
CSR,"Atlanta, GA",11813
Manager,"Los Angeles, CA",82336
Analyst,"Hartford, CT",27153
Manager,"Hartford, CT",24599
Security,"Hartford, CT",33890
CSR,"Atlanta, GA",15871
Analyst,"New York City, NY",95801
Analyst,"Atlanta, GA",45196
Developer,"Hartford, CT",34400
Finance,"New York City, NY",56413
Finance,"Los Angeles, CA",37293
Analyst,"New York City, NY",37914
CSR,"Atlanta, GA",83836
Analyst,"Boston, MA",10745
CSR,"Los Angeles, CA",13974
Security,"Hartford, CT",42020
Analyst,"Hartford, CT",59542
Finance,"Boston, MA",55086
Security,"Boston, MA",86408
HR,"New York City, NY",49216
Finance,"New York City, NY",14828
CSR,"Atlanta, GA",71035
Developer,"Atlanta, GA",71899
CSR,"Atlanta, GA",27839
CSR,"Atlanta, GA",36090
CSR,"Atlanta, GA",67994
Developer,"Los Angeles, CA",39079
Analyst,"Hartford, CT",79014
HR,"Atlanta, GA",41937
Developer,"Los Angeles, CA",22231
Security,"Los Angeles, CA",31629
HR,"Hartford, CT",52193
Manager,"Boston, MA",82034
Security,"Atlanta, GA",53587
Finance,"Atlanta, GA",96003
Analyst,"Boston, MA",18246
CSR,"Atlanta, GA",57915
CSR,"Los Angeles, CA",56845
CSR,"Los Angeles, CA",66141
Analyst,"Boston, MA",89546
Security,"Los Angeles, CA",89447
Security,"Boston, MA",55564
CSR,"Los Angeles, CA",75094
Finance,"Boston, MA",45454
HR,"Atlanta, GA",85661
CSR,"Atlanta, GA",15292
Analyst,"Los Angeles, CA",14928
Analyst,"Boston, MA",17431
HR,"Hartford, CT",39192
Developer,"New York City, NY",35334
Analyst,"New York City, NY",82476
Security,"Atlanta, GA",85980
Analyst,"Atlanta, GA",21117
CSR,"New York City, NY",74773
Analyst,"Boston, MA",52020
CSR,"Atlanta, GA",53407
Manager,"Hartford, CT",94876
Manager,"Hartford, CT",71002
HR,"Los Angeles, CA",86650
CSR,"Los Angeles, CA",17360
Developer,"Hartford, CT",72929
Finance,"Boston, MA",30166
HR,"Los Angeles, CA",81430
Security,"Atlanta, GA",93691
Manager,"Boston, MA",62527
Manager,"Atlanta, GA",98683
Manager,"Atlanta, GA",91427
Manager,"Los Angeles, CA",71924
Finance,"Boston, MA",16507
Analyst,"New York City, NY",43141
Analyst,"Atlanta, GA",37151
CSR,"Atlanta, GA",38867
CSR,"Hartford, CT",10247
Analyst,"Hartford, CT",92529
Developer,"Hartford, CT",60938
CSR,"New York City, NY",96510
Developer,"New York City, NY",52505
Security,"New York City, NY",52780
Analyst,"Boston, MA",10661
Analyst,"Boston, MA",17735
Analyst,"Los Angeles, CA",99945
Security,"Atlanta, GA",31588
Manager,"New York City, NY",93191
Security,"Hartford, CT",72187
Manager,"New York City, NY",89884
Finance,"Hartford, CT",52910
CSR,"Hartford, CT",98221
HR,"New York City, NY",17932
Manager,"Los Angeles, CA",90925
Analyst,"Boston, MA",63012
Developer,"Hartford, CT",38836
Analyst,"Los Angeles, CA",21448
Analyst,"Los Angeles, CA",35767
Analyst,"Hartford, CT",93601
Security,"Hartford, CT",67601
Developer,"New York City, NY",25510
HR,"New York City, NY",41293
Analyst,"Los Angeles, CA",70130
CSR,"New York City, NY",80900
Manager,"Hartford, CT",29220
CSR,"Hartford, CT",36475
Analyst,"Los Angeles, CA",94905
Manager,"Atlanta, GA",15651
Analyst,"Hartford, CT",53085
Security,"Los Angeles, CA",25407
HR,"Boston, MA",59538
CSR,"Atlanta, GA",47664
HR,"New York City, NY",70633
Manager,"Los Angeles, CA",67458
Manager,"Los Angeles, CA",92460
Finance,"Los Angeles, CA",92453
Analyst,"Hartford, CT",27757
Security,"Hartford, CT",26783
Analyst,"New York City, NY",38689
Manager,"Atlanta, GA",95866
Finance,"New York City, NY",68263
CSR,"Los Angeles, CA",38574
Analyst,"New York City, NY",60790
Finance,"Boston, MA",28329
HR,"Los Angeles, CA",52061
Security,"Los Angeles, CA",11334
Developer,"New York City, NY",41722
Analyst,"Boston, MA",86252
HR,"Atlanta, GA",25624
Security,"New York City, NY",39846
HR,"Atlanta, GA",55116
HR,"New York City, NY",12782
HR,"Hartford, CT",13705
CSR,"New York City, NY",94534
Security,"Boston, MA",36116
Security,"Los Angeles, CA",35729
CSR,"New York City, NY",32276
Manager,"Hartford, CT",62874
CSR,"Los Angeles, CA",14190
CSR,"New York City, NY",99962
CSR,"New York City, NY",34341
Analyst,"Atlanta, GA",16213
Developer,"New York City, NY",62251
Manager,"Atlanta, GA",59788
Security,"Atlanta, GA",80091
Finance,"Los Angeles, CA",45691
Finance,"Hartford, CT",56625
Manager,"Los Angeles, CA",95244
Developer,"Hartford, CT",76919
Developer,"New York City, NY",59398
Security,"Boston, MA",51646
CSR,"Los Angeles, CA",42623
Finance,"Boston, MA",88440
Analyst,"New York City, NY",52197
Manager,"New York City, NY",23285
Finance,"Los Angeles, CA",21111
Developer,"Boston, MA",78254
Manager,"New York City, NY",27300
Analyst,"Boston, MA",26973
Manager,"Los Angeles, CA",73617
Manager,"Los Angeles, CA",62184
Analyst,"Atlanta, GA",59768
Finance,"Hartford, CT",98237
CSR,"Atlanta, GA",14821
HR,"Atlanta, GA",66540
Finance,"New York City, NY",33320
Analyst,"Boston, MA",45059
CSR,"Atlanta, GA",65451
Developer,"Atlanta, GA",14503
Manager,"Los Angeles, CA",87384
Finance,"New York City, NY",71762
Finance,"Boston, MA",76392
Analyst,"New York City, NY",23053
Manager,"Hartford, CT",76906
Analyst,"Hartford, CT",77131
Developer,"New York City, NY",51704
Manager,"Boston, MA",41683
Developer,"Hartford, CT",24971
Finance,"New York City, NY",77827
HR,"New York City, NY",67916
Security,"Boston, MA",40235
Manager,"Los Angeles, CA",21476
Finance,"New York City, NY",73820
Analyst,"Boston, MA",12632
Security,"New York City, NY",96803
HR,"New York City, NY",11773
Developer,"Los Angeles, CA",47994
Manager,"New York City, NY",32170
Analyst,"New York City, NY",81396
Finance,"Atlanta, GA",30710
HR,"Boston, MA",97531
CSR,"New York City, NY",88419
Finance,"Los Angeles, CA",60339
HR,"New York City, NY",66414
Finance,"New York City, NY",38867
Security,"Boston, MA",92396
Developer,"Boston, MA",22916
Security,"Los Angeles, CA",87470
CSR,"Boston, MA",33492
CSR,"Hartford, CT",38169
Manager,"Los Angeles, CA",42249
Analyst,"New York City, NY",75192
HR,"Boston, MA",89254
Developer,"Atlanta, GA",61439
Analyst,"Los Angeles, CA",74584
Security,"New York City, NY",21732
Developer,"Atlanta, GA",90376
Developer,"Hartford, CT",33609
HR,"Atlanta, GA",71512
Finance,"Boston, MA",12807
CSR,"New York City, NY",19519
CSR,"Hartford, CT",16763
Security,"Los Angeles, CA",14269
Analyst,"Boston, MA",58885
HR,"Los Angeles, CA",17532
HR,"New York City, NY",42229
CSR,"Atlanta, GA",55503
Manager,"Atlanta, GA",38319
HR,"New York City, NY",47031
HR,"Los Angeles, CA",97805
HR,"Hartford, CT",86171
Developer,"New York City, NY",40573
Security,"Boston, MA",66333
Finance,"Boston, MA",85040
Analyst,"New York City, NY",19801
Developer,"Boston, MA",22657
Manager,"Boston, MA",85997
CSR,"Hartford, CT",77306
Analyst,"New York City, NY",16840
HR,"Los Angeles, CA",61620
Finance,"Atlanta, GA",33767
Analyst,"Atlanta, GA",61398
Finance,"New York City, NY",37003
Finance,"Los Angeles, CA",88241
HR,"New York City, NY",75547
Developer,"Atlanta, GA",90075
Security,"Boston, MA",18997
Developer,"Boston, MA",97555
Manager,"New York City, NY",87674
HR,"Los Angeles, CA",39569
Analyst,"Atlanta, GA",84637
Security,"Hartford, CT",98459
Developer,"Los Angeles, CA",69922
Analyst,"Boston, MA",76832
Security,"Atlanta, GA",66006
Manager,"New York City, NY",71014
Developer,"Boston, MA",23406
CSR,"Atlanta, GA",69678
CSR,"Atlanta, GA",80669
Security,"Atlanta, GA",68966
Developer,"Hartford, CT",86910
Manager,"Hartford, CT",99141
Finance,"Los Angeles, CA",13622
HR,"Boston, MA",17252
CSR,"New York City, NY",94953
HR,"Boston, MA",30418
HR,"Hartford, CT",78099
Manager,"Atlanta, GA",49278
Finance,"Los Angeles, CA",14969
HR,"Boston, MA",97016
Manager,"Hartford, CT",98771
CSR,"Los Angeles, CA",12286
Analyst,"Hartford, CT",58377
Developer,"Boston, MA",84140
Finance,"New York City, NY",40652
Analyst,"Los Angeles, CA",45680
Manager,"Boston, MA",15694
HR,"Hartford, CT",84434
Developer,"Atlanta, GA",51756
Finance,"Boston, MA",98561
Analyst,"New York City, NY",19595
Security,"Boston, MA",87165
Security,"New York City, NY",88143
Manager,"New York City, NY",74731
Analyst,"Los Angeles, CA",26289
Analyst,"Boston, MA",33761
CSR,"New York City, NY",49999
CSR,"Atlanta, GA",22188
Manager,"Atlanta, GA",92327
CSR,"Atlanta, GA",83672
Security,"New York City, NY",77501
Security,"Hartford, CT",24351
Manager,"Los Angeles, CA",13585
Manager,"Atlanta, GA",58810
Developer,"Los Angeles, CA",65234
HR,"Atlanta, GA",28664
CSR,"Los Angeles, CA",53141
Developer,"Hartford, CT",12276
Security,"Boston, MA",82631
Manager,"Hartford, CT",40348
Analyst,"Los Angeles, CA",63378
Finance,"Los Angeles, CA",21620
Manager,"Los Angeles, CA",81344
Finance,"Boston, MA",68887
Developer,"Los Angeles, CA",27004
CSR,"Hartford, CT",45450
HR,"Hartford, CT",96715
CSR,"Hartford, CT",77729
HR,"New York City, NY",11379
HR,"Los Angeles, CA",64700
Finance,"Hartford, CT",38635
HR,"Atlanta, GA",19118
CSR,"Hartford, CT",17475
HR,"New York City, NY",27800
Security,"Boston, MA",27491
Analyst,"Atlanta, GA",97160
HR,"Atlanta, GA",72893
CSR,"Los Angeles, CA",80007
Finance,"Atlanta, GA",49524
Developer,"Atlanta, GA",96934
Manager,"Hartford, CT",60851
HR,"Boston, MA",31873
Security,"New York City, NY",88015
HR,"New York City, NY",81188
Developer,"Atlanta, GA",95320
CSR,"New York City, NY",89004
CSR,"Hartford, CT",20518
HR,"Boston, MA",77953
Finance,"Boston, MA",38304
Developer,"New York City, NY",59159
